,name,COMBINED
0,auckland,"[ 0.30266069  0.89516481 -0.54690336  0.74465237  0.72617548  1.40846227
  0.84332861 -0.2494413   0.73764003  0.7389469   0.6340207   1.01103749
  0.72412265  0.60592716  1.01953396  0.30311902  0.85167741  0.81693446
  0.73906219  0.88569579  1.24082385]"
1,waikato,"[-0.35833604 -0.33806789  0.00510072 -0.27894702 -0.26099657 -0.40653523
 -0.32179485 -0.02405753 -0.28029621 -0.28039004 -0.25665871 -0.33938383
 -0.22117931 -0.26256872 -0.35620779 -0.3425768  -0.2710311  -0.28746586
 -0.28040163 -0.39843734 -0.3298892 ]"
2,capital_and_coast_hutt,"[-0.25883115 -0.19923085 -0.57084231 -0.27830496 -0.14407782  0.0156597
 -0.15162455 -0.28583868 -0.14304933 -0.14331131 -0.19994048  0.02166835
 -0.26086756 -0.1564327   0.09110545  0.59037841 -0.22029646 -0.26602364
 -0.14333842 -0.15081742 -0.3143081 ]"
