,name,COMBINED
0,auckland,"[0.24067164 0.4224208  0.00957502 0.36851056 0.36793267 0.61496905
 0.40061538 0.08821877 0.37019605 0.3705977  0.33850675 0.46219802
 0.36582598 0.33086712 0.46756285 0.25172235 0.40632562 0.39299971
 0.37063316 0.41373353 0.5377937 ]"
1,waikato,"[0.06716418 0.06596263 0.1539368  0.08310956 0.08977126 0.03556556
 0.0705641  0.14852969 0.08268169 0.08264411 0.08992472 0.06262673
 0.10151324 0.08869911 0.05948977 0.06422698 0.08596901 0.08090961
 0.0826404  0.0482977  0.06545855]"
2,capital_and_coast_hutt,"[0.09328358 0.10609261 0.00331443 0.08328858 0.12271616 0.17034328
 0.11876923 0.07847912 0.12144684 0.12136763 0.10575436 0.16945716
 0.09041614 0.11829366 0.19217201 0.33513594 0.10044577 0.08696892
 0.12135998 0.11876485 0.07014401]"
